,Study name,stimulusName,participant,Gender,Age,AOI-Name,AOI Total Duration (ms),Hit time-G (ms),Time spent-G (ms),Time spent-G (%),Respondent ratio-G,Revisit-G (Revisitors),Revisit-G (Visitors),Revisit-G (Revisits),TTFF-F (ms),Time spent-F (ms),Time spent-F (%),Revisit-F (Revisitors),Revisit-F (Visitors),Revisit-F (Revisits),Fixations Count,First Fixation Duration (ms),Average Fixations Duration (ms)
16,Study_2_Group_2,Day_Rain_High_1,Inki,Male,40,Car-cash,5789,22123,2843,49,1,1,1,4,22132,3058,53,1,1,4,12,411,255
17,Study_2_Group_2,Day_Rain_High_1,Janie,Female,22,Car-cash,5789,20589,2423,42,1,1,1,3,20424,2426,42,1,1,5,48,49,51
18,Study_2_Group_2,Day_Rain_High_1,Victor,Male,32,Car-cash,5789,20328,4908,85,1,1,1,5,20956,5107,88,1,1,4,6,148,851
19,Study_2_Group_2,Day_Rain_High_1,Daniel,Male,20,Car-cash,5789,22899,1508,26,1,1,1,2,21964,1250,22,1,1,5,14,16,89
20,Study_2_Group_2,Day_Rain_High_2,Inki,Male,40,Car-crash,3584,20318,1240,35,1,1,1,4,20331,1335,37,1,1,4,6,249,222
21,Study_2_Group_2,Day_Rain_High_2,Janie,Female,22,Car-crash,3584,20731,428,12,1,1,1,4,20426,719,20,1,1,4,13,33,55
22,Study_2_Group_2,Day_Rain_High_2,Victor,Male,32,Car-crash,3584,21123,2359,66,1,0,1,0,3584,0,0,0,0,0,0,-1,-1
23,Study_2_Group_2,Day_Rain_High_2,Daniel,Male,20,Car-crash,3584,0,0,0,0,0,0,0,3584,0,0,0,0,0,0,-1,-1
24,Study_2_Group_2,Day_Rain_Town_1,Inki,Male,40,Car-crash,4510,21774,2553,57,1,0,1,0,21778,2785,62,0,1,0,14,28,199
25,Study_2_Group_2,Day_Rain_Town_1,Janie,Female,22,Car-crash,4510,19960,1694,38,1,1,1,5,19963,2085,46,1,1,6,34,276,61
26,Study_2_Group_2,Day_Rain_Town_1,Victor,Male,32,Car-crash,4510,19960,3891,86,1,1,1,3,20534,3408,76,1,1,3,18,392,189
27,Study_2_Group_2,Day_Rain_Town_1,Daniel,Male,20,Car-crash,4510,20010,2466,55,1,1,1,3,20020,2224,49,1,1,5,33,8,67
28,Study_2_Group_2,Day_Sunny_High_1,Inki,Male,40,Car-crash,4147,20528,2929,71,1,1,1,2,20537,3642,88,1,1,2,6,140,607
29,Study_2_Group_2,Day_Sunny_High_1,Janie,Female,22,Car-crash,4147,19821,1657,40,1,1,1,5,19834,1668,40,1,1,5,37,16,45
30,Study_2_Group_2,Day_Sunny_High_1,Victor,Male,32,Car-crash,4147,20847,2802,68,1,1,1,2,20862,3511,85,1,1,2,15,550,234
31,Study_2_Group_2,Day_Sunny_High_1,Daniel,Male,20,Car-crash,4147,21997,1245,30,1,1,1,2,21794,539,13,1,1,5,30,6,18
32,Study_2_Group_2,Day_Sunny_Town_1,Inki,Male,40,Car-crash,5153,20431,2303,45,1,1,1,4,20428,2442,47,1,1,5,22,283,111
33,Study_2_Group_2,Day_Sunny_Town_1,Janie,Female,22,Car-crash,5153,20858,2140,42,1,1,1,5,20870,2242,43,1,1,6,39,50,57
34,Study_2_Group_2,Day_Sunny_Town_1,Victor,Male,32,Car-crash,5153,20174,4844,94,1,1,1,2,20168,5137,100,1,1,2,3,30,1712
35,Study_2_Group_2,Day_Sunny_Town_1,Daniel,Male,20,Car-crash,5153,0,0,0,0,0,0,0,5153,0,0,0,0,0,0,-1,-1
36,Study_2_Group_2,Night_Rain_High_2,Inki,Male,40,Car-crash,3806,22258,903,24,1,1,1,2,22274,755,20,1,1,2,11,126,69
37,Study_2_Group_2,Night_Rain_High_2,Janie,Female,22,Car-crash,3806,20757,1528,40,1,1,1,3,20318,1508,40,1,1,4,23,28,66
38,Study_2_Group_2,Night_Rain_High_2,Victor,Male,32,Car-crash,3806,20259,3335,88,1,1,1,3,20830,3248,85,1,1,2,2,1740,1624
39,Study_2_Group_2,Night_Rain_High_2,Daniel,Male,20,Car-crash,3806,21616,795,21,1,1,1,3,21625,442,12,1,1,4,15,14,29
40,Study_2_Group_2,Night_Rain_High_3,Inki,Male,40,Car-cash,17628,4663,10729,61,1,1,1,14,5218,10326,59,1,1,13,46,10,224
41,Study_2_Group_2,Night_Rain_High_3,Janie,Female,22,Car-cash,17628,5152,2009,11,1,1,1,12,5155,2022,11,1,1,15,41,34,49
42,Study_2_Group_2,Night_Rain_High_3,Victor,Male,32,Car-cash,17628,4749,9029,51,1,1,1,18,4770,10019,57,1,1,18,33,793,304
43,Study_2_Group_2,Night_Rain_High_3,Daniel,Male,20,Car-cash,17628,5087,6885,39,1,1,1,17,5108,5878,33,1,1,25,122,26,48
44,Study_2_Group_2,Night_Rain_High_4,Inki,Male,40,Car-crash,3231,20558,1254,39,1,1,1,3,20538,1430,44,1,1,4,9,377,159
45,Study_2_Group_2,Night_Rain_High_4,Janie,Female,22,Car-crash,3231,21269,1426,44,1,1,1,3,21450,1047,32,1,1,2,43,22,24
46,Study_2_Group_2,Night_Rain_High_4,Victor,Male,32,Car-crash,3231,20681,2096,65,1,1,1,2,20694,1616,50,1,1,2,3,216,539
47,Study_2_Group_2,Night_Rain_High_4,Daniel,Male,20,Car-crash,3231,20559,1950,60,1,1,1,2,21632,940,29,1,1,2,58,8,16
48,Study_2_Group_2,Night_Rain_Town_3,Inki,Male,40,Car-crash,1905,19847,1522,80,1,0,1,0,19859,1138,60,1,1,2,35,76,33
49,Study_2_Group_2,Night_Rain_Town_3,Janie,Female,22,Car-crash,1905,19773,1257,66,1,0,1,0,19786,1372,72,1,1,2,9,201,152
50,Study_2_Group_2,Night_Rain_Town_3,Victor,Male,32,Car-crash,1905,19605,1535,81,1,0,1,0,1905,0,0,0,0,0,0,-1,-1
51,Study_2_Group_2,Night_Rain_Town_3,Daniel,Male,20,Car-crash,1905,0,0,0,0,0,0,0,1905,0,0,0,0,0,0,-1,-1
52,Study_2_Group_2,Night_Sunny_High_2,Inki,Male,40,Car-crash,4602,19836,3838,83,1,1,1,3,20373,3169,69,1,1,3,8,473,396
53,Study_2_Group_2,Night_Sunny_High_2,Janie,Female,22,Car-crash,4602,19837,2459,53,1,1,1,3,20000,2230,48,1,1,3,41,26,54
54,Study_2_Group_2,Night_Sunny_High_2,Victor,Male,32,Car-crash,4602,19916,4096,89,1,1,1,2,19928,4930,107,1,1,2,3,208,1644
55,Study_2_Group_2,Night_Sunny_High_2,Daniel,Male,20,Car-crash,4602,20461,2745,60,1,1,1,2,20010,2188,48,1,1,6,56,6,39
161,Study_2_Group_1,Day_Rain_High_2,Inki,Male,40,Car-Crash,3273,0,0,0,0,0,0,0,3273,0,0,0,0,0,0,-1,-1
171,Study_2_Group_1,Day_Rain_High_2,janie,Female,22,Car-Crash,3273,20949,560,17,1,1,1,4,21274,816,25,1,1,3,8,38,102
181,Study_2_Group_1,Day_Rain_High_2,Victor,Male,32,Car-Crash,3273,20670,2285,70,1,1,1,2,3273,0,0,0,0,0,0,-1,-1
191,Study_2_Group_1,Day_Rain_High_2,Daniel,Male,20,Car-Crash,3273,20867,1320,40,1,1,1,2,20863,1074,33,1,1,4,22,26,49
201,Study_2_Group_1,Day_Rain_Town_2,Inki,Male,40,Car_Crash,4780,23285,2146,45,1,0,1,0,23289,2316,48,0,1,0,8,933,289
211,Study_2_Group_1,Day_Rain_Town_2,janie,Female,22,Car_Crash,4780,21142,1165,24,1,1,1,4,21138,1204,25,1,1,6,22,96,55
222,Study_2_Group_1,Day_Rain_Town_2,Victor,Male,32,Car_Crash,4780,20891,4459,93,1,1,1,3,21235,5310,111,1,1,2,4,3520,1328
232,Study_2_Group_1,Day_Rain_Town_2,Daniel,Male,20,Car_Crash,4780,20927,2034,43,1,1,1,3,20966,1862,39,1,1,4,34,28,55
241,Study_2_Group_1,Day_Rain_Town_3,Inki,Male,40,Car-crash,10097,0,0,0,0,0,0,0,10097,0,0,0,0,0,0,-1,-1
251,Study_2_Group_1,Day_Rain_Town_3,janie,Female,22,Car-crash,10097,17289,1733,17,1,1,1,4,13072,2487,25,1,1,9,32,33,78
261,Study_2_Group_1,Day_Rain_Town_3,Victor,Male,32,Car-crash,10097,12248,7694,76,1,1,1,10,14785,6886,68,1,1,9,9,384,765
271,Study_2_Group_1,Day_Rain_Town_3,Daniel,Male,20,Car-crash,10097,0,0,0,0,0,0,0,10097,0,0,0,0,0,0,-1,-1
341,Study_2_Group_1,Day_Sunny_High_2,Inki,Male,40,Crash,1976,20304,1582,80,1,0,1,0,20502,1815,92,0,1,0,1,1815,1815
412,Study_2_Group_1,Day_Sunny_High_2,janie,Female,22,Crash,1976,20683,1028,52,1,0,1,0,20698,756,38,1,1,3,11,47,69
482,Study_2_Group_1,Day_Sunny_High_2,Victor,Male,32,Crash,1976,20544,1643,83,1,0,1,0,1976,0,0,0,0,0,0,-1,-1
551,Study_2_Group_1,Day_Sunny_High_2,Daniel,Male,20,Crash,1976,20396,724,37,1,1,1,4,20342,776,39,1,1,4,16,16,48
56,Study_2_Group_1,Day_Sunny_Town_3,Inki,Male,40,Car-crash,3994,0,0,0,0,0,0,0,3994,0,0,0,0,0,0,-1,-1
57,Study_2_Group_1,Day_Sunny_Town_3,janie,Female,22,Car-crash,3994,0,0,0,0,0,0,0,3994,0,0,0,0,0,0,-1,-1
58,Study_2_Group_1,Day_Sunny_Town_3,Victor,Male,32,Car-crash,3994,18074,1853,46,1,1,1,5,18088,2458,62,1,1,4,29,124,85
59,Study_2_Group_1,Day_Sunny_Town_3,Daniel,Male,20,Car-crash,3994,18536,1294,32,1,1,1,2,18564,947,24,1,1,2,36,8,26
60,Study_2_Group_1,Night_Rain_High_1,Inki,Male,40,Car-crash,3964,19034,1833,46,1,1,1,4,19064,2880,73,1,1,2,3,1615,960
61,Study_2_Group_1,Night_Rain_High_1,janie,Female,22,Car-crash,3964,19047,2212,56,1,1,1,4,19607,2114,53,1,1,3,24,188,88
62,Study_2_Group_1,Night_Rain_High_1,Victor,Male,32,Car-crash,3964,19186,2399,61,1,0,1,0,19199,2783,70,1,1,2,4,10,696
63,Study_2_Group_1,Night_Rain_High_1,Daniel,Male,20,Car-crash,3964,19039,1719,43,1,1,1,5,19436,1883,48,1,1,5,12,24,157
64,Study_2_Group_1,Night_Rain_Town_1,Inki,Male,40,Car-crash,3758,19923,2920,78,1,1,1,2,20632,2996,80,0,1,0,3,776,999
65,Study_2_Group_1,Night_Rain_Town_1,janie,Female,22,Car-crash,3758,21912,1136,30,1,0,1,0,19735,642,17,1,1,5,29,40,22
66,Study_2_Group_1,Night_Rain_Town_1,Victor,Male,32,Car-crash,3758,19516,3525,94,1,1,1,2,21144,3742,100,0,1,0,1,3742,3742
67,Study_2_Group_1,Night_Rain_Town_1,Daniel,Male,20,Car-crash,3758,20509,2344,62,1,1,1,3,20515,2105,56,1,1,2,15,265,140
68,Study_2_Group_1,Night_Rain_Town_2,Inki,Male,40,Car-crash,3532,20767,2958,84,1,1,1,2,21321,3079,87,1,1,2,9,253,342
69,Study_2_Group_1,Night_Rain_Town_2,janie,Female,22,Car-crash,3532,21183,2204,62,1,1,1,3,21252,1955,55,1,1,3,35,42,56
70,Study_2_Group_1,Night_Rain_Town_2,Victor,Male,32,Car-crash,3532,20764,3438,97,1,0,1,0,24060,698,20,0,1,0,2,24,349
71,Study_2_Group_1,Night_Rain_Town_2,Daniel,Male,20,Car-crash,3532,0,0,0,0,0,0,0,3532,0,0,0,0,0,0,-1,-1
72,Study_2_Group_1,Night_Sunny_High_1,Inki,Male,40,Car-crash,3045,20533,2956,97,1,0,1,0,20679,2870,94,0,1,0,4,484,717
73,Study_2_Group_1,Night_Sunny_High_1,janie,Female,22,Car-crash,3045,20531,2319,76,1,1,1,3,20642,1377,45,1,1,3,56,118,25
74,Study_2_Group_1,Night_Sunny_High_1,Victor,Male,32,Car-crash,3045,20541,3018,99,1,0,1,0,20543,4093,134,0,1,0,2,328,2047
75,Study_2_Group_1,Night_Sunny_High_1,Daniel,Male,20,Car-crash,3045,20533,2473,81,1,1,1,2,20745,2532,83,1,1,3,32,118,79
76,Study_2_Group_1,Night_Sunny_Town_1,Inki,Male,40,Car-crash,2511,20868,1343,53,1,1,1,3,20872,1366,54,1,1,3,6,172,228
77,Study_2_Group_1,Night_Sunny_Town_1,janie,Female,22,Car-crash,2511,20406,1766,70,1,1,1,2,20493,1102,44,1,1,3,40,25,28
78,Study_2_Group_1,Night_Sunny_Town_1,Victor,Male,32,Car-crash,2511,20625,1290,51,1,1,1,3,20639,2060,82,1,1,3,7,376,294
79,Study_2_Group_1,Night_Sunny_Town_1,Daniel,Male,20,Car-crash,2511,22394,409,16,1,1,1,2,2511,0,0,0,0,0,0,-1,-1
80,Study_2_Group_1,Night_Sunny_Town_2,Inki,Male,40,Car-crash,1575,0,0,0,0,0,0,0,1575,0,0,0,0,0,0,-1,-1
81,Study_2_Group_1,Night_Sunny_Town_2,janie,Female,22,Car-crash,1575,22055,1408,89,1,0,1,0,22076,1257,80,0,1,0,18,346,70
82,Study_2_Group_1,Night_Sunny_Town_2,Victor,Male,32,Car-crash,1575,22016,1406,89,1,1,1,2,22148,382,24,0,1,0,1,382,382
83,Study_2_Group_1,Night_Sunny_Town_2,Daniel,Male,20,Car-crash,1575,0,0,0,0,0,0,0,1575,0,0,0,0,0,0,-1,-1
231,Study_1_Group_2,Day_Rain_High_2,Erfan,Male,28,Crash_cause,3533,21304,1604,45,1,0,1,0,21982,893,25,1,1,2,5,292,179
311,Study_1_Group_2,Day_Rain_High_2,Luis,Male,30,Crash_cause,3533,21706,804,23,1,1,1,3,3533,0,0,0,0,0,0,-1,-1
391,Study_1_Group_2,Day_Rain_High_2,Anna,Female,25,Crash_cause,3533,0,0,0,0,0,0,0,3533,0,0,0,0,0,0,-1,-1
411,Study_1_Group_2,Day_Rain_Town_2,Erfan,Male,28,Crash_cause,6612,19168,2453,37,1,1,1,6,20895,1644,25,1,1,6,9,25,183
441,Study_1_Group_2,Day_Rain_Town_2,Luis,Male,30,Crash_cause,6612,19173,4900,74,1,1,1,5,19685,3286,50,1,1,2,2,2784,1643
471,Study_1_Group_2,Day_Rain_Town_2,Anna,Female,25,Crash_cause,6612,20116,3593,54,1,1,1,5,21642,2793,42,1,1,3,18,192,155
591,Study_1_Group_2,Day_Sunny_High_2,Erfan,Male,28,Crash_cause,2665,21005,1234,46,1,1,1,2,21001,1206,45,1,1,2,21,8,57
662,Study_1_Group_2,Day_Sunny_High_2,Luis,Male,30,Crash_cause,2665,20551,1919,72,1,1,1,3,20880,160,6,0,1,0,2,7,80
731,Study_1_Group_2,Day_Sunny_High_2,Anna,Female,25,Crash_cause,2665,20257,2195,82,1,0,1,0,20426,1270,48,0,1,0,1,1270,1270
771,Study_1_Group_2,Day_Sunny_Town_4,Erfan,Male,28,crash-cause,4172,20810,1575,38,1,1,1,2,20939,886,21,1,1,7,40,8,22
811,Study_1_Group_2,Day_Sunny_Town_4,Luis,Male,30,crash-cause,4172,21260,1707,41,1,1,1,4,4172,0,0,0,0,0,0,-1,-1
85,Study_1_Group_2,Day_Sunny_Town_4,Anna,Female,25,crash-cause,4172,19812,1944,47,1,1,1,3,21681,286,7,0,1,0,2,97,143
90,Study_1_Group_2,Night_Rain_High_2,Erfan,Male,28,Crash_cause,3441,0,0,0,0,0,0,0,3441,0,0,0,0,0,0,-1,-1
93,Study_1_Group_2,Night_Rain_High_2,Luis,Male,30,Crash_cause,3441,0,0,0,0,0,0,0,3441,0,0,0,0,0,0,-1,-1
96,Study_1_Group_2,Night_Rain_High_2,Anna,Female,25,Crash_cause,3441,0,0,0,0,0,0,0,3441,0,0,0,0,0,0,-1,-1
221,Study_1_Group_1,Day_Rain_High_1,Erfan,Male,28,Crash,6000,21062,1280,21,1,1,1,6,21155,742,12,1,1,4,5,8,148
291,Study_1_Group_1,Day_Rain_High_1,Luis,Male,30,Crash,6000,20405,3039,51,1,1,1,8,20733,1807,30,1,1,5,6,18,301
361,Study_1_Group_1,Day_Rain_High_1,Anna,Female,25,Crash,6000,0,0,0,0,0,0,0,6000,0,0,0,0,0,0,-1,-1
421,Study_1_Group_1,Day_Rain_Town_1,Erfan,Male,28,Crash_cause,4682,22249,1911,41,1,1,1,3,23328,1646,35,0,1,0,5,100,329
481,Study_1_Group_1,Day_Rain_Town_1,Luis,Male,30,Crash_cause,4682,20680,2526,54,1,1,1,4,20684,1635,35,1,1,4,4,301,409
541,Study_1_Group_1,Day_Rain_Town_1,Anna,Female,25,Crash_cause,4682,20546,4036,86,1,1,1,2,20571,3863,83,1,1,2,25,38,155
581,Study_1_Group_1,Day_Sunny_High_1,Erfan,Male,28,Crash_cause,5581,21997,965,17,1,1,1,3,21389,490,9,1,1,6,9,23,54
621,Study_1_Group_1,Day_Sunny_High_1,Luis,Male,30,Crash_cause,5581,18758,2669,48,1,1,1,4,18756,2682,48,1,1,5,5,352,536
661,Study_1_Group_1,Day_Sunny_High_1,Anna,Female,25,Crash_cause,5581,0,0,0,0,0,0,0,5581,0,0,0,0,0,0,-1,-1
701,Study_1_Group_1,Day_Sunny_Town_1,Erfan,Male,28,Crash_cause,6665,0,0,0,0,0,0,0,6665,0,0,0,0,0,0,-1,-1
751,Study_1_Group_1,Day_Sunny_Town_1,Luis,Male,30,Crash_cause,6665,20678,3202,48,1,1,1,5,20668,2191,33,1,1,3,3,274,730
801,Study_1_Group_1,Day_Sunny_Town_1,Anna,Female,25,Crash_cause,6665,0,0,0,0,0,0,0,6665,0,0,0,0,0,0,-1,-1
831,Study_1_Group_1,Night_Rain_High_1,Erfan,Male,28,Crash_cause,10286,14315,3232,31,1,1,1,9,14328,3172,31,1,1,10,31,175,102
851,Study_1_Group_1,Night_Rain_High_1,Luis,Male,30,Crash_cause,10286,14250,4682,46,1,1,1,6,15961,1528,15,1,1,2,5,345,306
87,Study_1_Group_1,Night_Rain_High_1,Anna,Female,25,Crash_cause,10286,0,0,0,0,0,0,0,10286,0,0,0,0,0,0,-1,-1
92,Study_1_Group_1,Night_Rain_Town_2,Erfan,Male,28,Crash_Cause,4259,20876,2117,50,1,1,1,3,21145,942,22,1,1,6,14,8,67
97,Study_1_Group_1,Night_Rain_Town_2,Luis,Male,30,Crash_Cause,4259,21091,1952,46,1,1,1,5,21094,3231,76,1,1,4,5,1039,646
102,Study_1_Group_1,Night_Rain_Town_2,Anna,Female,25,Crash_Cause,4259,0,0,0,0,0,0,0,4259,0,0,0,0,0,0,-1,-1
105,Study_1_Group_1,Night_Sunny_High_1,Erfan,Male,28,Crash_cause,4117,0,0,0,0,0,0,0,4117,0,0,0,0,0,0,-1,-1
108,Study_1_Group_1,Night_Sunny_High_1,Luis,Male,30,Crash_cause,4117,20755,1713,42,1,1,1,2,20695,1994,48,0,1,0,1,1994,1995
111,Study_1_Group_1,Night_Sunny_High_1,Anna,Female,25,Crash_cause,4117,0,0,0,0,0,0,0,4117,0,0,0,0,0,0,-1,-1
114,Study_1_Group_1,Night_Sunny_Town_1,Erfan,Male,28,Crash_cause,2736,20478,1731,63,1,1,1,2,20516,1464,54,1,1,2,45,58,33
117,Study_1_Group_1,Night_Sunny_Town_1,Luis,Male,30,Crash_cause,2736,20586,1685,62,1,1,1,3,21508,1933,71,1,1,2,9,591,215
120,Study_1_Group_1,Night_Sunny_Town_1,Anna,Female,25,Crash_cause,2736,0,0,0,0,0,0,0,2736,0,0,0,0,0,0,-1,-1
123,Study_1_Group_1,Night_Sunny_Town_2,Erfan,Male,28,crash_cause,7741,0,0,0,0,0,0,0,7741,0,0,0,0,0,0,-1,-1
126,Study_1_Group_1,Night_Sunny_Town_2,Luis,Male,30,crash_cause,7741,17287,1910,25,1,1,1,4,21194,1292,17,1,1,2,4,7,323
129,Study_1_Group_1,Night_Sunny_Town_2,Anna,Female,25,crash_cause,7741,15937,3558,46,1,1,1,5,16529,3609,47,1,1,3,8,1716,451
